,target_azimuth,target_elevation,measurement_azimuth,measurement_elevation,center_frequency,psd_bandwidth,timestamp,frequency_start,frequency_stop,frequency_step,samples,psd_0,psd_1,psd_2,psd_3,psd_4,psd_5,psd_6,psd_7,psd_8,psd_9,psd_10,psd_11,psd_12,psd_13,psd_14,psd_15,psd_min,psd_max,psd_mean
0,167.88274326518356,11.739748472695084,168.0,11.5,1250000000.0,250000.0,2023-03-01 11:40:37,1248000000.0,1252000000.0,250000.0,4000440,-74.346466,-73.134605,-72.4097,-72.258995,-72.14963,-72.07301,-72.02518,-71.97917,-71.95268,-71.99083,-72.03176,-72.11074,-72.21561,-72.34739,-72.53586,-73.26453,-74.346466,-71.95268,-72.42663474999999
1,171.88274326518356,11.739748472695084,172.0,11.5,1250000000.0,250000.0,2023-03-01 11:40:55,1248000000.0,1252000000.0,250000.0,4000440,-74.306335,-73.15994,-72.43401,-72.26025,-72.15497,-72.0601,-71.99624,-71.95099,-71.90677,-71.93651,-71.984245,-72.052376,-72.14665,-72.26657,-72.44316,-73.18363,-74.306335,-71.90677,-72.390171625
2,175.88274326518356,11.739748472695084,176.0,11.5,1250000000.0,250000.0,2023-03-01 11:41:11,1248000000.0,1252000000.0,250000.0,4000440,-74.36037,-73.24403,-72.51483,-72.34915,-72.2341,-72.137535,-72.06267,-72.015015,-71.96512,-71.9904,-72.03109,-72.086975,-72.17242,-72.280846,-72.43642,-73.18173,-74.36037,-71.96512,-72.44141881249999
3,179.88274326518356,11.739748472695084,180.0,11.5,1250000000.0,250000.0,2023-03-01 11:41:30,1248000000.0,1252000000.0,250000.0,4000440,-74.38674,-73.27382,-72.553116,-72.375244,-72.25884,-72.16051,-72.078606,-72.01513,-71.98102,-72.010025,-72.044685,-72.10615,-72.174484,-72.285286,-72.45368,-73.19398,-74.38674,-71.98102,-72.45945725
4,183.88274326518356,11.739748472695084,184.0,11.5,1250000000.0,250000.0,2023-03-01 11:41:44,1248000000.0,1252000000.0,250000.0,4000440,-74.44438,-73.354965,-72.63577,-72.46102,-72.33063,-72.23708,-72.16743,-72.099686,-72.04361,-72.05909,-72.08671,-72.14177,-72.22682,-72.34046,-72.51085,-73.23831,-74.44438,-72.04361,-72.52366131249998
5,187.88274326518356,11.739748472695084,188.0,11.5,1250000000.0,250000.0,2023-03-01 11:41:57,1248000000.0,1252000000.0,250000.0,4000440,-74.48453,-73.38579,-72.65902,-72.49135,-72.36455,-72.26676,-72.188614,-72.13919,-72.100845,-72.117905,-72.15339,-72.21156,-72.30222,-72.40142,-72.562225,-73.29015,-74.48453,-72.100845,-72.5699699375
6,191.88274326518356,11.739748472695084,192.0,11.5,1250000000.0,250000.0,2023-03-01 11:42:15,1248000000.0,1252000000.0,250000.0,4000440,-74.56792,-73.42652,-72.706406,-72.53885,-72.42631,-72.34679,-72.27398,-72.20784,-72.16782,-72.20414,-72.24646,-72.303154,-72.386116,-72.4952,-72.668465,-73.41202,-74.56792,-72.16782,-72.64862443749999
7,195.88274326518356,11.739748472695084,196.0,11.5,1250000000.0,250000.0,2023-03-01 11:42:34,1248000000.0,1252000000.0,250000.0,4000440,-74.58391,-73.41592,-72.68869,-72.529816,-72.42188,-72.34176,-72.28452,-72.24174,-72.18447,-72.229935,-72.2773,-72.3462,-72.42539,-72.53918,-72.70517,-73.437904,-74.58391,-72.18447,-72.6658615625
8,199.88274326518356,11.739748472695084,200.0,11.5,1250000000.0,250000.0,2023-03-01 11:42:51,1248000000.0,1252000000.0,250000.0,4000440,-74.56354,-73.39065,-72.6746,-72.52429,-72.429214,-72.35692,-72.30335,-72.260994,-72.231995,-72.268845,-72.31391,-72.37569,-72.469055,-72.58462,-72.7411,-73.46892,-74.56354,-72.231995,-72.6848558125
9,203.88274326518356,11.739748472695084,204.0,11.5,1250000000.0,250000.0,2023-03-01 11:43:06,1248000000.0,1252000000.0,250000.0,4000440,-74.48363,-73.28143,-72.57127,-72.42463,-72.314995,-72.24315,-72.2018,-72.16463,-72.13083,-72.17856,-72.231125,-72.31217,-72.39956,-72.51852,-72.68753,-73.401924,-74.48363,-72.13083,-72.59660962500001
10,203.88274326518356,15.739748472695084,204.0,15.5,1250000000.0,250000.0,2023-03-01 11:43:29,1248000000.0,1252000000.0,250000.0,4000440,-74.49465,-73.27874,-72.56124,-72.42018,-72.32843,-72.25341,-72.20398,-72.15204,-72.12913,-72.182556,-72.23661,-72.30248,-72.394035,-72.52569,-72.69884,-73.41561,-74.49465,-72.12913,-72.59860131250001
11,199.88274326518356,15.739748472695084,199.5,15.5,1250000000.0,250000.0,2023-03-01 11:43:46,1248000000.0,1252000000.0,250000.0,4000440,-74.511986,-73.35504,-72.63255,-72.47285,-72.37604,-72.302124,-72.2439,-72.188484,-72.15195,-72.19754,-72.24263,-72.30111,-72.393555,-72.516914,-72.671974,-73.40185,-74.511986,-72.15195,-72.62253106249999
12,195.88274326518356,15.739748472695084,195.5,15.5,1250000000.0,250000.0,2023-03-01 11:44:07,1248000000.0,1252000000.0,250000.0,4000440,-74.51483,-73.38834,-72.65718,-72.48653,-72.37224,-72.2777,-72.22876,-72.19313,-72.14307,-72.18253,-72.23367,-72.291214,-72.3832,-72.498825,-72.651985,-73.365524,-74.51483,-72.14307,-72.6167955
13,191.88274326518356,15.739748472695084,191.5,15.5,1250000000.0,250000.0,2023-03-01 11:44:27,1248000000.0,1252000000.0,250000.0,4000440,-74.50267,-73.407524,-72.67705,-72.503624,-72.3978,-72.30447,-72.2393,-72.184265,-72.13569,-72.16017,-72.19695,-72.25711,-72.3306,-72.440994,-72.610306,-73.33236,-74.50267,-72.13569,-72.6050551875
14,187.88274326518356,15.739748472695084,187.5,15.5,1250000000.0,250000.0,2023-03-01 11:44:42,1248000000.0,1252000000.0,250000.0,4000440,-74.46316,-73.38136,-72.652214,-72.48765,-72.362175,-72.263664,-72.19023,-72.12018,-72.07205,-72.09922,-72.12729,-72.17464,-72.25635,-72.36488,-72.50988,-73.24756,-74.46316,-72.07205,-72.5482814375
15,183.88274326518356,15.739748472695084,183.5,15.5,1250000000.0,250000.0,2023-03-01 11:45:03,1248000000.0,1252000000.0,250000.0,4000440,-74.44279,-73.37966,-72.64529,-72.462166,-72.33754,-72.22943,-72.14492,-72.07511,-72.015854,-72.035904,-72.06586,-72.115234,-72.1974,-72.307236,-72.475845,-73.21158,-74.44279,-72.015854,-72.50886368749998
16,179.88274326518356,15.739748472695084,179.5,15.5,1250000000.0,250000.0,2023-03-01 11:45:18,1248000000.0,1252000000.0,250000.0,4000440,-74.41545,-73.322075,-72.58055,-72.399605,-72.274086,-72.17472,-72.08871,-72.04097,-71.994774,-72.00731,-72.04186,-72.111885,-72.189064,-72.295135,-72.46684,-73.20881,-74.41545,-71.994774,-72.47574025
17,175.88274326518356,15.739748472695084,175.5,15.5,1250000000.0,250000.0,2023-03-01 11:45:37,1248000000.0,1252000000.0,250000.0,4000440,-74.26553,-73.190605,-72.46214,-72.27963,-72.13514,-72.0321,-71.95425,-71.88985,-71.84439,-71.84262,-71.87181,-71.92274,-72.00238,-72.12085,-72.29106,-73.03239,-74.26553,-71.84262,-72.3210928125
18,171.88274326518356,15.739748472695084,171.5,15.5,1250000000.0,250000.0,2023-03-01 11:45:55,1248000000.0,1252000000.0,250000.0,4000440,-74.2437,-73.159805,-72.43096,-72.24661,-72.10876,-72.012474,-71.93297,-71.866646,-71.83763,-71.839836,-71.85765,-71.91688,-72.01412,-72.12844,-72.303024,-73.04035,-74.2437,-71.83763,-72.3087409375
19,167.88274326518356,15.739748472695084,167.5,15.5,1250000000.0,250000.0,2023-03-01 11:46:15,1248000000.0,1252000000.0,250000.0,4000440,-74.26863,-73.120575,-72.386215,-72.20845,-72.09178,-71.99316,-71.9197,-71.882545,-71.8637,-71.885284,-71.926155,-71.981285,-72.0683,-72.19384,-72.376816,-73.10979,-74.26863,-71.8637,-72.3297640625
20,167.88274326518356,19.739748472695084,167.5,19.5,1250000000.0,250000.0,2023-03-01 11:46:39,1248000000.0,1252000000.0,250000.0,4000440,-74.23781,-73.06372,-72.32665,-72.15448,-72.05351,-71.9587,-71.893585,-71.846855,-71.83277,-71.84503,-71.89561,-71.97071,-72.06099,-72.185425,-72.37078,-73.10988,-74.23781,-71.83277,-72.3004065625
21,171.88274326518356,19.739748472695084,172.0,19.5,1250000000.0,250000.0,2023-03-01 11:47:00,1248000000.0,1252000000.0,250000.0,4000440,-74.25239,-73.18826,-72.44065,-72.262566,-72.13535,-72.01821,-71.93711,-71.86874,-71.8148,-71.820175,-71.8586,-71.91507,-72.00301,-72.1055,-72.26306,-73.02011,-74.25239,-71.8148,-72.3064750625
22,175.88274326518356,19.739748472695084,176.0,19.5,1250000000.0,250000.0,2023-03-01 11:47:19,1248000000.0,1252000000.0,250000.0,4000440,-74.346756,-73.27928,-72.54121,-72.357864,-72.226036,-72.12201,-72.04797,-71.989395,-71.94052,-71.95115,-71.98639,-72.03788,-72.12491,-72.232,-72.406,-73.141045,-74.346756,-71.94052,-72.420651
23,179.88274326518356,19.739748472695084,180.0,19.5,1250000000.0,250000.0,2023-03-01 11:47:37,1248000000.0,1252000000.0,250000.0,4000440,-74.31153,-73.2659,-72.52604,-72.33237,-72.1781,-72.07388,-71.978165,-71.8925,-71.84069,-71.84025,-71.874916,-71.9433,-72.02854,-72.1341,-72.299385,-73.04707,-74.31153,-71.84025,-72.347921
24,183.88274326518356,19.739748472695084,184.0,19.5,1250000000.0,250000.0,2023-03-01 11:47:52,1248000000.0,1252000000.0,250000.0,4000440,-74.347755,-73.312325,-72.573074,-72.39219,-72.23932,-72.12477,-72.04654,-71.96651,-71.896454,-71.91717,-71.9331,-71.98175,-72.066475,-72.16979,-72.339226,-73.077255,-74.347755,-71.896454,-72.39898149999999
25,187.88274326518356,19.739748472695084,188.0,19.5,1250000000.0,250000.0,2023-03-01 11:48:11,1248000000.0,1252000000.0,250000.0,4000440,-74.35258,-73.26559,-72.5223,-72.33641,-72.210686,-72.10791,-72.034966,-71.96848,-71.90427,-71.92672,-71.97012,-72.02486,-72.10191,-72.22352,-72.39299,-73.1261,-74.35258,-71.90427,-72.40433825
26,191.88274326518356,19.739748472695084,192.0,19.5,1250000000.0,250000.0,2023-03-01 11:48:32,1248000000.0,1252000000.0,250000.0,4000440,-74.42299,-73.30367,-72.56908,-72.397705,-72.279564,-72.18654,-72.11684,-72.05021,-71.98604,-72.01621,-72.06867,-72.12037,-72.20761,-72.32485,-72.48447,-73.23096,-74.42299,-71.98604,-72.4853611875
27,195.88274326518356,19.739748472695084,196.0,19.5,1250000000.0,250000.0,2023-03-01 11:48:49,1248000000.0,1252000000.0,250000.0,4000440,-74.60882,-73.47528,-72.59533,-72.31736,-72.21077,-72.10235,-72.09157,-72.048935,-72.08197,-72.13027,-72.20828,-72.28585,-72.35079,-72.48929,-72.666756,-73.43707,-74.60882,-72.048935,-72.56879318749999
28,199.88274326518356,19.739748472695084,200.0,19.5,1250000000.0,250000.0,2023-03-01 11:49:02,1248000000.0,1252000000.0,250000.0,4000440,-74.49649,-73.34691,-72.63994,-72.489845,-72.389366,-72.295815,-72.241356,-72.19734,-72.15922,-72.19083,-72.243,-72.304474,-72.39442,-72.50337,-72.66745,-73.38333,-74.49649,-72.15922,-72.62144724999999
29,203.88274326518356,19.739748472695084,204.0,19.5,1250000000.0,250000.0,2023-03-01 11:49:18,1248000000.0,1252000000.0,250000.0,4000440,-74.532974,-73.40432,-72.59233,-72.39874,-72.28627,-72.18777,-72.129395,-72.0769,-72.06128,-72.11155,-72.1708,-72.2439,-72.33735,-72.44965,-72.629234,-73.36324,-74.532974,-72.06128,-72.56098143749999
30,203.88274326518356,23.739748472695084,204.0,23.5,1250000000.0,250000.0,2023-03-01 11:49:41,1248000000.0,1252000000.0,250000.0,4000440,-74.49221,-73.34665,-72.62431,-72.47344,-72.37426,-72.285675,-72.2248,-72.18235,-72.14807,-72.19008,-72.22461,-72.280014,-72.369354,-72.48085,-72.64092,-73.36089,-74.49221,-72.14807,-72.6061551875
31,199.88274326518356,23.739748472695084,199.5,23.5,1250000000.0,250000.0,2023-03-01 11:49:55,1248000000.0,1252000000.0,250000.0,4000440,-74.47859,-73.350746,-72.6306,-72.47737,-72.367004,-72.283966,-72.22146,-72.17788,-72.1371,-72.17277,-72.21828,-72.26938,-72.35534,-72.473656,-72.62904,-73.33136,-74.47859,-72.1371,-72.59840887499999
32,195.88274326518356,23.739748472695084,195.5,23.5,1250000000.0,250000.0,2023-03-01 11:50:08,1248000000.0,1252000000.0,250000.0,4000440,-74.4935,-73.36205,-72.62393,-72.462875,-72.357475,-72.2751,-72.202446,-72.14721,-72.10279,-72.12867,-72.18708,-72.25287,-72.33189,-72.448265,-72.62154,-73.33911,-74.4935,-72.10279,-72.58355006250002
33,191.88274326518356,23.739748472695084,191.5,23.5,1250000000.0,250000.0,2023-03-01 11:50:22,1248000000.0,1252000000.0,250000.0,4000440,-74.423065,-73.321304,-72.58601,-72.403625,-72.281815,-72.19133,-72.12083,-72.05886,-72.016266,-72.040924,-72.08816,-72.14995,-72.226036,-72.33049,-72.502174,-73.23485,-74.423065,-72.016266,-72.4984805625
34,187.88274326518356,23.739748472695084,187.5,23.5,1250000000.0,250000.0,2023-03-01 11:50:40,1248000000.0,1252000000.0,250000.0,4000440,-74.40753,-73.31828,-72.5808,-72.39936,-72.27151,-72.16285,-72.08484,-72.02633,-71.98195,-71.99363,-72.03158,-72.06868,-72.1388,-72.25334,-72.430145,-73.18408,-74.40753,-71.98195,-72.45835656249999
35,183.88274326518356,23.739748472695084,183.5,23.5,1250000000.0,250000.0,2023-03-01 11:50:56,1248000000.0,1252000000.0,250000.0,4000440,-74.36586,-73.315926,-72.575134,-72.39157,-72.25303,-72.14079,-72.048325,-71.97357,-71.91428,-71.93076,-71.95489,-72.000595,-72.08142,-72.20355,-72.364975,-73.10031,-74.36586,-71.91428,-72.4134365625
36,179.88274326518356,23.739748472695084,179.5,23.5,1250000000.0,250000.0,2023-03-01 11:51:18,1248000000.0,1252000000.0,250000.0,4000440,-74.3663,-73.30108,-72.56568,-72.37572,-72.24306,-72.13396,-72.0436,-71.96738,-71.9175,-71.94426,-71.96967,-72.020424,-72.12099,-72.23087,-72.39082,-73.13257,-74.3663,-71.9175,-72.42024275
37,175.88274326518356,23.739748472695084,175.5,23.5,1250000000.0,250000.0,2023-03-01 11:51:36,1248000000.0,1252000000.0,250000.0,4000440,-74.29906,-73.25416,-72.52096,-72.33451,-72.19057,-72.08404,-71.99581,-71.9187,-71.857956,-71.86659,-71.88948,-71.94631,-72.02125,-72.13814,-72.30086,-73.03304,-74.29906,-71.857956,-72.35321475
38,171.88274326518356,23.739748472695084,171.5,23.5,1250000000.0,250000.0,2023-03-01 11:51:52,1248000000.0,1252000000.0,250000.0,4000440,-74.27539,-73.2365,-72.499435,-72.31214,-72.16696,-72.043594,-71.94604,-71.887474,-71.834114,-71.81602,-71.83837,-71.89056,-71.97848,-72.102745,-72.269196,-73.00763,-74.27539,-71.81602,-72.31904050000001
39,167.88274326518356,23.739748472695084,167.5,23.5,1250000000.0,250000.0,2023-03-01 11:52:08,1248000000.0,1252000000.0,250000.0,4000440,-74.247604,-73.085884,-72.33853,-72.16476,-72.03744,-71.942,-71.89056,-71.85623,-71.834045,-71.84589,-71.88681,-71.96237,-72.071045,-72.20074,-72.3736,-73.11898,-74.247604,-71.834045,-72.3035305
40,167.88274326518356,27.739748472695084,167.5,27.5,1250000000.0,250000.0,2023-03-01 11:52:31,1248000000.0,1252000000.0,250000.0,4000440,-74.287895,-73.14909,-72.4017,-72.21715,-72.09352,-72.000175,-71.930534,-71.87809,-71.85199,-71.86512,-71.90333,-71.964966,-72.05367,-72.19164,-72.388016,-73.11372,-74.287895,-71.85199,-72.33066287500002
41,171.88274326518356,27.739748472695084,172.0,27.5,1250000000.0,250000.0,2023-03-01 11:52:46,1248000000.0,1252000000.0,250000.0,4000440,-74.26765,-73.216835,-72.4792,-72.301956,-72.15926,-72.03973,-71.95014,-71.88324,-71.83142,-71.833305,-71.8517,-71.89819,-71.98586,-72.09518,-72.26952,-73.01311,-74.26765,-71.83142,-72.31726850000001
42,175.88274326518356,27.739748472695084,176.0,27.5,1250000000.0,250000.0,2023-03-01 11:53:03,1248000000.0,1252000000.0,250000.0,4000440,-74.30132,-73.230576,-72.49035,-72.308815,-72.18088,-72.071304,-72.00245,-71.94525,-71.89828,-71.89932,-71.942955,-72.00261,-72.06949,-72.1854,-72.36428,-73.09698,-74.30132,-71.89828,-72.37439125
43,179.88274326518356,27.739748472695084,180.0,27.5,1250000000.0,250000.0,2023-03-01 11:53:17,1248000000.0,1252000000.0,250000.0,4000440,-74.36219,-73.269745,-72.53785,-72.35565,-72.22386,-72.123215,-72.028564,-71.97977,-71.93199,-71.94933,-71.98859,-72.04574,-72.129295,-72.24587,-72.411545,-73.150154,-74.36219,-71.93199,-72.420834875
44,183.88274326518356,27.739748472695084,184.0,27.5,1250000000.0,250000.0,2023-03-01 11:53:30,1248000000.0,1252000000.0,250000.0,4000440,-74.37774,-73.31029,-72.57663,-72.398285,-72.266945,-72.17256,-72.080124,-72.00959,-71.97002,-71.97896,-71.99416,-72.04165,-72.14088,-72.247765,-72.42041,-73.157486,-74.37774,-71.97002,-72.4464684375
45,187.88274326518356,27.739748472695084,188.0,27.5,1250000000.0,250000.0,2023-03-01 11:53:46,1248000000.0,1252000000.0,250000.0,4000440,-74.39643,-73.3095,-72.56679,-72.38681,-72.26596,-72.16541,-72.08144,-72.0249,-71.979904,-71.9946,-72.0244,-72.07614,-72.16944,-72.27418,-72.44247,-73.18335,-74.39643,-71.979904,-72.45885775
46,191.88274326518356,27.739748472695084,192.0,27.5,1250000000.0,250000.0,2023-03-01 11:54:03,1248000000.0,1252000000.0,250000.0,4000440,-74.411446,-73.30007,-72.5645,-72.39584,-72.286995,-72.19461,-72.12433,-72.06552,-72.03349,-72.053085,-72.08876,-72.14507,-72.22403,-72.34312,-72.50131,-73.2434,-74.411446,-72.03349,-72.49847350000002
47,195.88274326518356,27.739748472695084,196.0,27.5,1250000000.0,250000.0,2023-03-01 11:54:17,1248000000.0,1252000000.0,250000.0,4000440,-74.47816,-73.33812,-72.61199,-72.431015,-72.316505,-72.229164,-72.17136,-72.142365,-72.108734,-72.13069,-72.1833,-72.248856,-72.336914,-72.44452,-72.60581,-73.33922,-74.47816,-72.108734,-72.5697951875
48,199.88274326518356,27.739748472695084,200.0,27.5,1250000000.0,250000.0,2023-03-01 11:54:31,1248000000.0,1252000000.0,250000.0,4000440,-74.523,-73.37754,-72.65424,-72.494156,-72.385025,-72.30727,-72.24999,-72.207466,-72.15884,-72.198555,-72.248535,-72.31735,-72.39765,-72.501465,-72.6621,-73.3975,-74.523,-72.15884,-72.63004262499999
49,203.88274326518356,27.739748472695084,204.0,27.5,1250000000.0,250000.0,2023-03-01 11:54:44,1248000000.0,1252000000.0,250000.0,4000440,-74.49813,-73.35817,-72.64764,-72.4888,-72.37945,-72.294525,-72.233055,-72.183495,-72.15521,-72.184135,-72.22732,-72.28576,-72.367065,-72.478775,-72.63604,-73.35636,-74.49813,-72.15521,-72.610870625
50,203.88274326518356,31.739748472695084,204.0,31.5,1250000000.0,250000.0,2023-03-01 11:55:04,1248000000.0,1252000000.0,250000.0,4000440,-74.460106,-73.31711,-72.5887,-72.42463,-72.32755,-72.241165,-72.176636,-72.13265,-72.117195,-72.14517,-72.186745,-72.26287,-72.34971,-72.45342,-72.60923,-73.3346,-74.460106,-72.117195,-72.5704679375
51,199.88274326518356,31.739748472695084,199.5,31.5,1250000000.0,250000.0,2023-03-01 11:55:25,1248000000.0,1252000000.0,250000.0,4000440,-74.533455,-73.35435,-72.63411,-72.48941,-72.38028,-72.309204,-72.25058,-72.20723,-72.177124,-72.205055,-72.26424,-72.33937,-72.423775,-72.53747,-72.69879,-73.42607,-74.533455,-72.177124,-72.6394070625
52,195.88274326518356,31.739748472695084,195.5,31.5,1250000000.0,250000.0,2023-03-01 11:55:40,1248000000.0,1252000000.0,250000.0,4000440,-74.40474,-73.271034,-72.53724,-72.37897,-72.281265,-72.19736,-72.12771,-72.0839,-72.051865,-72.078354,-72.1208,-72.19414,-72.28164,-72.38531,-72.5439,-73.25143,-74.40474,-72.051865,-72.511853625
53,191.88274326518356,31.739748472695084,191.5,31.5,1250000000.0,250000.0,2023-03-01 11:55:57,1248000000.0,1252000000.0,250000.0,4000440,-74.39448,-73.27901,-72.54394,-72.37897,-72.25645,-72.16365,-72.094086,-72.05031,-72.00938,-72.02203,-72.07115,-72.12783,-72.21312,-72.32637,-72.48336,-73.210846,-74.39448,-72.00938,-72.47656137499999
54,187.88274326518356,31.739748472695084,187.5,31.5,1250000000.0,250000.0,2023-03-01 11:56:18,1248000000.0,1252000000.0,250000.0,4000440,-74.468506,-73.36116,-72.07446,-71.680115,-71.57489,-71.57126,-71.49346,-71.550934,-71.610146,-71.593,-71.719795,-71.79092,-71.941826,-72.12533,-72.39633,-73.156555,-74.468506,-71.49346,-72.1317929375
55,183.88274326518356,31.739748472695084,183.5,31.5,1250000000.0,250000.0,2023-03-01 11:56:40,1248000000.0,1252000000.0,250000.0,4000440,-74.36399,-73.262505,-72.54309,-72.352585,-72.23014,-72.132355,-72.05026,-71.99867,-71.95948,-71.971596,-71.998566,-72.05562,-72.141556,-72.261024,-72.43856,-73.18492,-74.36399,-71.95948,-72.43405731249999
56,179.88274326518356,31.739748472695084,179.5,31.5,1250000000.0,250000.0,2023-03-01 11:56:59,1248000000.0,1252000000.0,250000.0,4000440,-74.35325,-73.244026,-72.520744,-72.34276,-72.21028,-72.12181,-72.05275,-71.9859,-71.94435,-71.96542,-72.00393,-72.06476,-72.154526,-72.27991,-72.456116,-73.178894,-74.35325,-71.94435,-72.42996412499998
57,175.88274326518356,31.739748472695084,175.5,31.5,1250000000.0,250000.0,2023-03-01 11:57:20,1248000000.0,1252000000.0,250000.0,4000440,-74.76332,-73.52836,-72.75505,-72.59418,-72.50297,-72.44302,-72.4089,-72.40061,-72.39466,-72.43935,-72.505135,-72.58426,-72.70007,-72.82056,-72.99216,-73.697975,-74.76332,-72.39466,-72.84566124999999
58,171.88274326518356,31.739748472695084,171.5,31.5,1250000000.0,250000.0,2023-03-01 11:57:36,1248000000.0,1252000000.0,250000.0,4000440,-74.313995,-73.19587,-72.46557,-72.29279,-72.16609,-72.073975,-72.00445,-71.954796,-71.91573,-71.915565,-71.95849,-72.02918,-72.118835,-72.23838,-72.40814,-73.14406,-74.313995,-71.915565,-72.38724475000001
59,167.88274326518356,31.739748472695084,167.5,31.5,1250000000.0,250000.0,2023-03-01 11:57:54,1248000000.0,1252000000.0,250000.0,4000440,-74.38895,-73.19476,-72.47578,-72.31498,-72.201416,-72.11669,-72.04611,-72.00891,-72.00686,-72.015076,-72.04971,-72.13302,-72.24074,-72.3717,-72.54367,-73.277504,-74.38895,-72.00686,-72.46161724999999
60,167.88274326518356,35.739748472695084,167.5,35.5,1250000000.0,250000.0,2023-03-01 11:58:16,1248000000.0,1252000000.0,250000.0,4000440,-74.401535,-73.10977,-72.40199,-72.27312,-72.18827,-72.12875,-72.08399,-72.07188,-72.08089,-72.11825,-72.16753,-72.248886,-72.35431,-72.49637,-72.67963,-73.40779,-74.401535,-72.07188,-72.51331006249998
61,171.88274326518356,35.739748472695084,172.0,35.5,1250000000.0,250000.0,2023-03-01 11:58:33,1248000000.0,1252000000.0,250000.0,4000440,-74.33882,-73.14225,-72.42248,-72.26861,-72.15735,-72.07383,-72.01104,-71.97166,-71.95088,-71.97589,-72.02055,-72.09801,-72.19679,-72.32636,-72.50441,-73.237625,-74.33882,-71.95088,-72.4185346875
62,175.88274326518356,35.739748472695084,176.0,35.5,1250000000.0,250000.0,2023-03-01 11:58:46,1248000000.0,1252000000.0,250000.0,4000440,-74.29228,-73.13583,-72.40857,-72.237946,-72.113365,-72.0291,-71.96278,-71.92815,-71.91095,-71.92134,-71.96408,-72.028824,-72.1214,-72.25139,-72.427826,-73.16813,-74.29228,-71.91095,-72.3688725625
63,179.88274326518356,35.739748472695084,179.5,35.5,1250000000.0,250000.0,2023-03-01 11:59:00,1248000000.0,1252000000.0,250000.0,4000440,-74.37571,-73.21725,-72.48918,-72.32717,-72.210495,-72.12441,-72.04557,-72.00328,-71.97399,-71.983604,-72.03154,-72.11603,-72.21469,-72.33108,-72.50344,-73.24455,-74.37571,-71.97399,-72.4494993125
64,183.88274326518356,35.739748472695084,184.0,35.5,1250000000.0,250000.0,2023-03-01 11:59:16,1248000000.0,1252000000.0,250000.0,4000440,-74.40665,-73.26758,-72.53885,-72.377785,-72.247604,-72.15133,-72.08243,-72.02157,-71.98949,-72.007034,-72.04341,-72.10524,-72.190445,-72.30851,-72.482506,-73.23607,-74.40665,-71.98949,-72.46603149999999
65,187.88274326518356,35.739748472695084,188.0,35.5,1250000000.0,250000.0,2023-03-01 11:59:32,1248000000.0,1252000000.0,250000.0,4000440,-74.39794,-73.24828,-72.50867,-72.353035,-72.24067,-72.13454,-72.07312,-72.03384,-72.00617,-72.02504,-72.05609,-72.118805,-72.21406,-72.34151,-72.51993,-73.247444,-74.39794,-72.00617,-72.4699465
66,191.88274326518356,35.739748472695084,192.0,35.5,1250000000.0,250000.0,2023-03-01 11:59:46,1248000000.0,1252000000.0,250000.0,4000440,-74.39577,-73.26278,-72.54299,-72.376724,-72.25448,-72.16941,-72.10972,-72.07558,-72.04475,-72.059654,-72.10753,-72.162766,-72.25017,-72.359436,-72.537285,-73.26579,-74.39577,-72.04475,-72.4984271875
67,195.88274326518356,35.739748472695084,196.0,35.5,1250000000.0,250000.0,2023-03-01 12:00:00,1248000000.0,1252000000.0,250000.0,4000440,-74.41822,-73.23532,-72.506325,-72.33751,-72.239746,-72.16625,-72.10183,-72.07256,-72.05461,-72.09741,-72.14399,-72.21303,-72.299484,-72.420204,-72.5999,-73.323296,-74.41822,-72.05461,-72.5143553125
68,199.88274326518356,35.739748472695084,200.0,35.5,1250000000.0,250000.0,2023-03-01 12:00:14,1248000000.0,1252000000.0,250000.0,4000440,-74.58777,-73.361725,-72.6411,-72.4807,-72.39051,-72.33136,-72.28,-72.24814,-72.23135,-72.27605,-72.33098,-72.415016,-72.52366,-72.64104,-72.817154,-73.53448,-74.58777,-72.23135,-72.69318968750001
69,203.88274326518356,35.739748472695084,204.0,35.5,1250000000.0,250000.0,2023-03-01 12:00:28,1248000000.0,1252000000.0,250000.0,4000440,-74.47531,-73.32528,-72.59755,-72.42963,-72.33545,-72.25132,-72.18949,-72.15114,-72.13147,-72.17534,-72.23331,-72.28799,-72.38419,-72.48961,-72.64644,-73.35982,-74.47531,-72.13147,-72.59145874999999
70,203.88274326518356,39.739748472695084,204.0,39.5,1250000000.0,250000.0,2023-03-01 12:00:48,1248000000.0,1252000000.0,250000.0,4000440,-74.00517,-74.15316,-70.95932,-69.820496,-69.485725,-69.50394,-69.385,-69.307785,-69.30058,-69.10911,-69.26556,-69.44363,-69.61616,-69.94332,-70.45314,-71.49306,-74.15316,-69.10911,-70.32782225
71,199.88274326518356,39.739748472695084,199.5,39.5,1250000000.0,250000.0,2023-03-01 12:01:03,1248000000.0,1252000000.0,250000.0,4000440,-74.684364,-73.39574,-72.68044,-72.53974,-72.464386,-72.393005,-72.36119,-72.351616,-72.34967,-72.39767,-72.47039,-72.55556,-72.65945,-72.791565,-72.97441,-73.7024,-74.684364,-72.34967,-72.79822474999999
72,195.88274326518356,39.739748472695084,195.5,39.5,1250000000.0,250000.0,2023-03-01 12:01:25,1248000000.0,1252000000.0,250000.0,4000440,-74.505486,-73.28703,-72.56918,-72.4259,-72.3293,-72.24541,-72.194046,-72.16578,-72.159355,-72.19054,-72.24324,-72.32309,-72.41846,-72.54446,-72.72644,-73.45063,-74.505486,-72.159355,-72.6111466875
73,191.88274326518356,39.739748472695084,191.5,39.5,1250000000.0,250000.0,2023-03-01 12:01:46,1248000000.0,1252000000.0,250000.0,4000440,-74.438286,-73.25229,-72.52247,-72.37299,-72.26327,-72.19461,-72.13544,-72.09944,-72.08346,-72.11893,-72.16657,-72.2366,-72.31858,-72.42953,-72.602806,-73.33223,-74.438286,-72.08346,-72.535468875
74,187.88274326518356,39.739748472695084,187.5,39.5,1250000000.0,250000.0,2023-03-01 12:02:02,1248000000.0,1252000000.0,250000.0,4000440,-74.38476,-73.23318,-72.50571,-72.346405,-72.234924,-72.13884,-72.08939,-72.05365,-72.03385,-72.056496,-72.088585,-72.14688,-72.241516,-72.36169,-72.52562,-73.25505,-74.38476,-72.03385,-72.481034125
75,183.88274326518356,39.739748472695084,183.5,39.5,1250000000.0,250000.0,2023-03-01 12:02:17,1248000000.0,1252000000.0,250000.0,4000440,-74.41223,-73.27266,-72.53551,-72.36508,-72.25281,-72.1663,-72.10033,-72.04905,-72.01245,-72.03295,-72.07952,-72.13546,-72.2236,-72.342575,-72.52893,-73.25572,-74.41223,-72.01245,-72.4853234375
76,179.88274326518356,39.739748472695084,179.5,39.5,1250000000.0,250000.0,2023-03-01 12:02:36,1248000000.0,1252000000.0,250000.0,4000440,-74.40719,-73.23266,-72.49277,-72.33324,-72.23382,-72.14553,-72.08197,-72.04377,-72.03253,-72.05466,-72.09544,-72.168236,-72.26211,-72.378296,-72.55528,-73.28788,-74.40719,-72.03253,-72.487836375
77,175.88274326518356,39.739748472695084,175.5,39.5,1250000000.0,250000.0,2023-03-01 12:02:52,1248000000.0,1252000000.0,250000.0,4000440,-74.35587,-73.17094,-72.44198,-72.26785,-72.16466,-72.091095,-72.025185,-71.989586,-71.97519,-72.00372,-72.059006,-72.119545,-72.20496,-72.34136,-72.52025,-73.2529,-74.35587,-71.97519,-72.4365060625
78,171.88274326518356,39.739748472695084,171.5,39.5,1250000000.0,250000.0,2023-03-01 12:03:08,1248000000.0,1252000000.0,250000.0,4000440,-74.354546,-73.133575,-72.40515,-72.25253,-72.15079,-72.07879,-72.02857,-71.99668,-71.98956,-72.01696,-72.0664,-72.1363,-72.242455,-72.37707,-72.5659,-73.28989,-74.354546,-71.98956,-72.442822875
79,167.88274326518356,39.739748472695084,167.5,39.5,1250000000.0,250000.0,2023-03-01 12:03:24,1248000000.0,1252000000.0,250000.0,4000440,-74.396576,-73.092865,-72.38021,-72.249695,-72.177704,-72.12154,-72.10368,-72.10017,-72.10746,-72.14903,-72.20414,-72.29826,-72.40855,-72.54136,-72.720245,-73.44245,-74.396576,-72.10017,-72.53087093750001
80,167.88274326518356,43.739748472695084,167.5,43.5,1250000000.0,250000.0,2023-03-01 12:03:45,1248000000.0,1252000000.0,250000.0,4000440,-74.413086,-73.139305,-72.43713,-72.31083,-72.21596,-72.1456,-72.09061,-72.08762,-72.08402,-72.11211,-72.18576,-72.27396,-72.37134,-72.502846,-72.683266,-73.404945,-74.413086,-72.08402,-72.52864925
81,171.88274326518356,43.739748472695084,172.0,43.5,1250000000.0,250000.0,2023-03-01 12:04:05,1248000000.0,1252000000.0,250000.0,4000440,-74.39578,-73.216576,-72.492195,-72.337036,-72.23515,-72.151886,-72.08191,-72.0449,-72.02632,-72.04814,-72.08625,-72.14585,-72.237274,-72.36092,-72.54162,-73.27855,-74.39578,-72.02632,-72.4800223125
82,175.88274326518356,43.739748472695084,176.0,43.5,1250000000.0,250000.0,2023-03-01 12:04:18,1248000000.0,1252000000.0,250000.0,4000440,-74.41932,-73.3924,-72.1119,-71.70558,-71.54827,-71.58568,-71.54553,-71.618034,-71.5414,-71.512405,-71.65336,-71.71156,-71.85949,-71.98301,-72.29521,-73.07628,-74.41932,-71.512405,-72.09746431250001
83,179.88274326518356,43.739748472695084,180.0,43.5,1250000000.0,250000.0,2023-03-01 12:04:32,1248000000.0,1252000000.0,250000.0,4000440,-74.43921,-73.2574,-72.533585,-72.38208,-72.27714,-72.19935,-72.13933,-72.08385,-72.0737,-72.09998,-72.149956,-72.21691,-72.31343,-72.43854,-72.59974,-73.32968,-74.43921,-72.0737,-72.5333675625
84,183.88274326518356,43.739748472695084,184.0,43.5,1250000000.0,250000.0,2023-03-01 12:04:47,1248000000.0,1252000000.0,250000.0,4000440,-74.45335,-73.29449,-72.56696,-72.40583,-72.303116,-72.224106,-72.15186,-72.10257,-72.07425,-72.09768,-72.14183,-72.200714,-72.29549,-72.414696,-72.582565,-73.32673,-74.45335,-72.07425,-72.5397648125
85,187.88274326518356,43.739748472695084,188.0,43.5,1250000000.0,250000.0,2023-03-01 12:05:06,1248000000.0,1252000000.0,250000.0,4000440,-74.47621,-73.28326,-72.55781,-72.39705,-72.29091,-72.22507,-72.163345,-72.12512,-72.12109,-72.14685,-72.19968,-72.266106,-72.36022,-72.47369,-72.64406,-73.38302,-74.47621,-72.12109,-72.5695931875
86,191.88274326518356,43.739748472695084,192.0,43.5,1250000000.0,250000.0,2023-03-01 12:05:22,1248000000.0,1252000000.0,250000.0,4000440,-74.51867,-73.27043,-72.56296,-72.42783,-72.33545,-72.26283,-72.213486,-72.18984,-72.20059,-72.236435,-72.28947,-72.36692,-72.464935,-72.58805,-72.76685,-73.48868,-74.51867,-72.18984,-72.636464125
87,195.88274326518356,43.739748472695084,196.0,43.5,1250000000.0,250000.0,2023-03-01 12:05:36,1248000000.0,1252000000.0,250000.0,4000440,-74.619354,-73.34882,-72.63383,-72.496956,-72.396515,-72.33844,-72.29806,-72.27301,-72.26842,-72.30756,-72.35922,-72.4493,-72.55837,-72.703156,-72.88726,-73.61807,-74.619354,-72.26842,-72.7222713125
88,199.88274326518356,43.739748472695084,200.0,43.5,1250000000.0,250000.0,2023-03-01 12:05:51,1248000000.0,1252000000.0,250000.0,4000440,-73.65966,-74.134964,-70.39402,-69.36206,-69.05877,-68.74094,-68.7891,-68.6547,-68.9158,-69.02804,-69.570206,-69.81064,-69.987915,-69.82387,-69.95872,-70.989395,-74.134964,-68.6547,-70.05492500000001
89,203.88274326518356,43.739748472695084,204.0,43.5,1250000000.0,250000.0,2023-03-01 12:06:10,1248000000.0,1252000000.0,250000.0,4000440,-74.72677,-73.43583,-72.721054,-72.59159,-72.520386,-72.46417,-72.42513,-72.398346,-72.402336,-72.45124,-72.52369,-72.60205,-72.695435,-72.82788,-73.017624,-73.74146,-74.72677,-72.398346,-72.84656193749998
90,203.88274326518356,47.739748472695084,204.0,47.5,1250000000.0,250000.0,2023-03-01 12:06:30,1248000000.0,1252000000.0,250000.0,4000440,-74.81262,-73.48284,-72.764046,-72.63912,-72.56256,-72.506805,-72.47806,-72.473015,-72.48711,-72.54194,-72.61413,-72.70499,-72.81105,-72.96077,-73.15694,-73.8853,-74.81262,-72.473015,-72.930081
91,199.88274326518356,47.739748472695084,199.5,47.5,1250000000.0,250000.0,2023-03-01 12:06:45,1248000000.0,1252000000.0,250000.0,4000440,-74.770905,-73.466,-72.75726,-72.62906,-72.5488,-72.48877,-72.454445,-72.4282,-72.43646,-72.491516,-72.549126,-72.63573,-72.747665,-72.9005,-73.093765,-73.822624,-74.770905,-72.4282,-72.88880162499999
92,195.88274326518356,47.739748472695084,195.5,47.5,1250000000.0,250000.0,2023-03-01 12:07:06,1248000000.0,1252000000.0,250000.0,4000440,-74.70781,-73.399445,-72.677956,-72.558685,-72.47705,-72.4181,-72.36185,-72.336624,-72.34335,-72.39084,-72.452484,-72.54047,-72.6555,-72.79873,-72.998,-73.72937,-74.70781,-72.336624,-72.8028915
93,191.88274326518356,47.739748472695084,191.5,47.5,1250000000.0,250000.0,2023-03-01 12:07:25,1248000000.0,1252000000.0,250000.0,4000440,-74.38688,-73.534485,-71.192764,-69.96665,-69.746826,-69.63654,-69.856445,-70.06247,-70.05434,-70.03169,-70.01224,-70.31195,-70.62461,-71.14749,-71.685616,-72.59528,-74.38688,-69.63654,-70.92789225
94,187.88274326518356,47.739748472695084,187.5,47.5,1250000000.0,250000.0,2023-03-01 12:07:46,1248000000.0,1252000000.0,250000.0,4000440,-74.615166,-73.420456,-72.68896,-72.530716,-72.43342,-72.355515,-72.3034,-72.260544,-72.2375,-72.25339,-72.29207,-72.37093,-72.47035,-72.59662,-72.78766,-73.52704,-74.615166,-72.2375,-72.69648356249999
95,183.88274326518356,47.739748472695084,184.0,47.5,1250000000.0,250000.0,2023-03-01 12:08:01,1248000000.0,1252000000.0,250000.0,4000440,-74.48739,-73.29965,-72.57765,-72.42051,-72.31391,-72.23485,-72.16319,-72.122154,-72.109375,-72.12438,-72.1594,-72.23822,-72.337364,-72.465675,-72.64495,-73.38212,-74.48739,-72.109375,-72.56754925
96,179.88274326518356,47.739748472695084,180.0,47.5,1250000000.0,250000.0,2023-03-01 12:08:19,1248000000.0,1252000000.0,250000.0,4000440,-74.40574,-73.66447,-71.60461,-70.817154,-70.6969,-70.89311,-70.937355,-70.971054,-70.71872,-70.65927,-70.91283,-71.121414,-71.40086,-71.52928,-71.96362,-72.68093,-74.40574,-70.65927,-71.56108231249999
97,175.88274326518356,47.739748472695084,175.5,47.5,1250000000.0,250000.0,2023-03-01 12:08:37,1248000000.0,1252000000.0,250000.0,4000440,-74.450516,-73.265144,-72.53145,-72.37955,-72.272415,-72.19043,-72.14554,-72.11209,-72.08307,-72.109344,-72.15203,-72.22217,-72.31923,-72.44296,-72.62273,-73.35544,-74.450516,-72.08307,-72.54088181249999
98,171.88274326518356,47.739748472695084,171.5,47.5,1250000000.0,250000.0,2023-03-01 12:08:54,1248000000.0,1252000000.0,250000.0,4000440,-74.450554,-73.2551,-72.54086,-72.38229,-72.27542,-72.197754,-72.13861,-72.10179,-72.09279,-72.118904,-72.16864,-72.2401,-72.349625,-72.47971,-72.65323,-73.36617,-74.450554,-72.09279,-72.5507216875
99,167.88274326518356,47.739748472695084,167.5,47.5,1250000000.0,250000.0,2023-03-01 12:09:17,1248000000.0,1252000000.0,250000.0,4000440,-74.44123,-73.19201,-72.47043,-72.32924,-72.23833,-72.1791,-72.132484,-72.112946,-72.116196,-72.15423,-72.20867,-72.28721,-72.39045,-72.52383,-72.70123,-73.42538,-74.44123,-72.112946,-72.55643537499999
